StudentID,Name,Gender,AttendanceRate,StudyHoursPerWeek,PreviousGrade,ExtracurricularActivities,ParentalSupport,FinalGrade,Study Hours
1.0,John,Male,0.5999999999999996,0.31818181818181823,A,0.3333333333333333,High,A,0.98
2.0,Sarah,Female,0.7999999999999998,0.5454545454545455,A,0.6666666666666666,Medium,A,0.72
3.0,Alex,Male,0.31999999999999984,0.09090909090909094,B,0.0,Low,B,0.96
4.0,Michael,Male,0.8799999999999999,0.7727272727272728,A,1.0,High,A,0.79
7.0,Daniel,Male,0.0,0.0,C,0.0,Low,C,0.95
9.0,James,Male,0.48,0.18181818181818177,B,0.6666666666666666,Low,B,0.8600000000000001
10.0,Isabella,Female,0.8399999999999999,0.6363636363636364,A,1.0,High,A,0.79
4611.0,Katherine Gray,Female,0.8399999999999999,0.4545454545454546,A,0.0,Low,C,0.67
6514.0,Megan Miller,Male,0.7999999999999998,0.0,A,0.3333333333333333,Medium,A,0.63
8573.0,James Smith,Female,0.7199999999999998,0.18181818181818177,A,0.3333333333333333,High,A,0.9099999999999999
5386.0,James Reynolds,Male,0.8799999999999999,0.6363636363636364,A,1.0,Low,A,0.7
3340.0,Brittany Sutton,Female,0.31999999999999984,0.7727272727272728,B,0.6666666666666666,Medium,A,0.71
6930.0,Annette Medina,Male,0.31999999999999984,0.18181818181818177,A,0.6666666666666666,High,A,0.5800000000000001
2040.0,James Duncan,Female,0.0,0.6363636363636364,A,0.6666666666666666,Medium,B,0.9299999999999999
9837.0,Susan Brown,Male,0.8399999999999999,1.0,A,0.3333333333333333,High,A,0.9400000000000001
8177.0,Peter Jones,Female,0.7999999999999998,0.7727272727272728,A,0.6666666666666666,Medium,A,0.79
4510.0,Daniel Erickson,Male,0.8399999999999999,0.6363636363636364,A,1.0,Medium,C,0.6
4139.0,Benjamin Vance,Male,0.48,0.40909090909090906,B,0.0,High,A,0.73
3536.0,Scott Davidson,Male,0.7199999999999998,0.7727272727272728,A,1.0,Low,B,0.53
1821.0,Alexandra Harrington,Female,0.48,0.18181818181818177,B,0.3333333333333333,Low,A,0.9299999999999999
4853.0,Richard Johnson,Female,0.7999999999999998,0.6363636363636364,A,1.0,Low,A,0.81
1152.0,Jerry Browning,Female,0.8399999999999999,0.6363636363636364,A,0.6666666666666666,Low,A,0.75
2127.0,Carrie Page,Male,1.0,0.4545454545454546,B,0.3333333333333333,Low,A,0.81
5905.0,Michelle Benjamin,Male,0.31999999999999984,0.4545454545454546,A,0.6666666666666666,Low,B,0.5800000000000001
6617.0,James Woods,Male,0.7199999999999998,0.18181818181818177,A,0.6666666666666666,High,A,0.8200000000000001
1058.0,Angela Dunn,Female,0.31999999999999984,0.4545454545454546,B,0.3333333333333333,Low,C,0.78
3442.0,Nathan Riley,Male,1.0,0.6363636363636364,B,0.0,Medium,B,0.52
6862.0,Shelby Mahoney,Male,0.8799999999999999,0.5454545454545455,A,0.6666666666666666,Medium,A,0.8700000000000001
3900.0,Andrea Frey,Female,0.5999999999999996,0.09090909090909094,A,0.0,Low,A,0.63
7267.0,Justin Martin,Male,0.5999999999999996,0.7727272727272728,A,0.3333333333333333,Medium,A,0.9099999999999999
1387.0,Mark Hartman,Male,0.0,1.0,A,0.6666666666666666,Medium,A,0.8200000000000001
1452.0,Antonio Hansen,Male,0.7199999999999998,0.09090909090909094,A,0.6666666666666666,High,A,0.8
8149.0,Lynn Anderson,Male,0.0,0.6363636363636364,A,0.6666666666666666,High,C,0.5
6967.0,Michael Cooley,Female,0.7999999999999998,1.0,A,0.3333333333333333,Low,A,0.8600000000000001
7691.0,Mitchell Sanders,Female,0.0,0.4545454545454546,B,0.0,High,C,0.8300000000000001
8618.0,Lisa Castillo,Female,0.5999999999999996,0.7727272727272728,B,0.3333333333333333,Low,B,0.8300000000000001
2530.0,Theresa Rodriguez,Male,0.7199999999999998,0.7727272727272728,A,0.0,High,A,0.62
8461.0,Kimberly Wood,Female,0.8399999999999999,0.7727272727272728,C,0.3333333333333333,Medium,A,0.57
2746.0,Patricia Cox,Female,0.8799999999999999,0.09090909090909094,B,0.3333333333333333,High,B,0.62
3184.0,Kimberly Blair,Female,0.48,0.18181818181818177,A,0.3333333333333333,Medium,A,0.9099999999999999
9976.0,Jason Ramirez,Female,0.31999999999999984,0.40909090909090906,A,0.6666666666666666,High,A,0.88
4919.0,Gail Dudley,Female,0.5999999999999996,0.5454545454545455,A,1.0,Medium,A,0.66
3267.0,John West,Male,0.8799999999999999,0.0,B,1.0,High,C,0.7
7812.0,Patricia Carr,Male,0.8799999999999999,0.0,C,1.0,Low,A,0.9299999999999999
8814.0,David Nunez,Male,1.0,0.4545454545454546,C,0.0,Low,B,0.9
4595.0,Collin Peterson,Female,0.0,0.40909090909090906,A,0.0,Medium,C,0.8600000000000001
9751.0,Rebecca Smith,Male,0.0,0.6363636363636364,A,0.3333333333333333,High,C,0.57
1823.0,Lisa Benjamin,Female,0.0,1.0,A,0.3333333333333333,Medium,A,0.88
7906.0,Desiree Reyes,Female,0.7999999999999998,0.40909090909090906,A,0.6666666666666666,High,A,0.61
1508.0,Megan Diaz,Male,0.8799999999999999,0.31818181818181823,A,0.0,High,B,0.74
8619.0,Joseph Adams,Female,1.0,0.09090909090909094,A,1.0,Low,A,0.89
2771.0,Sharon Watson,Male,0.7199999999999998,0.6363636363636364,C,0.0,Low,A,0.54
2669.0,Tiffany Smith,Female,0.8399999999999999,0.5454545454545455,A,0.3333333333333333,Medium,B,0.71
9289.0,Alexander Preston,Female,0.5999999999999996,0.0,A,0.6666666666666666,Medium,A,0.8200000000000001
8135.0,Randall Hickman,Male,0.48,0.4545454545454546,A,0.6666666666666666,Medium,A,0.72
6280.0,David Hernandez,Male,0.7999999999999998,0.4545454545454546,A,1.0,Medium,A,0.81
1470.0,Michelle Jones,Female,1.0,0.09090909090909094,A,1.0,Medium,A,0.0
1166.0,Tonya Gonzalez,Male,0.7999999999999998,0.7727272727272728,C,0.3333333333333333,Low,A,0.8500000000000001
8342.0,Sarah Johnson,Male,0.7999999999999998,0.4545454545454546,A,0.0,Low,A,0.65
8753.0,Grace Valencia,Female,0.0,0.18181818181818177,A,0.3333333333333333,Low,A,0.64
8216.0,Laura Cortez,Female,0.31999999999999984,0.31818181818181823,A,0.3333333333333333,High,A,0.7
3485.0,Lori Miller,Male,0.8399999999999999,0.4545454545454546,A,1.0,High,B,0.88
9561.0,Lori Gomez PhD,Female,0.5999999999999996,0.40909090909090906,A,1.0,Medium,A,0.78
4824.0,Maria Carter,Female,0.8399999999999999,0.7727272727272728,C,0.6666666666666666,Low,A,0.8200000000000001
2169.0,Daniel Hood,Male,0.31999999999999984,0.4545454545454546,A,1.0,Medium,A,0.56
7594.0,Amanda Hernandez,Female,0.48,0.18181818181818177,A,0.3333333333333333,High,A,0.52
8708.0,Taylor Merritt DVM,Female,0.7199999999999998,0.09090909090909094,A,0.0,Low,A,0.98
8451.0,Nathan Navarro,Male,1.0,0.4545454545454546,A,0.6666666666666666,Medium,B,0.9099999999999999
7770.0,Lisa Zimmerman,Male,0.8799999999999999,0.18181818181818177,A,1.0,Medium,A,0.88
9165.0,Angelica Steele,Female,0.48,0.4545454545454546,C,0.3333333333333333,Medium,A,0.73
4122.0,Gregory Daniels,Male,0.7999999999999998,0.4545454545454546,C,0.3333333333333333,Low,A,0.9099999999999999
9022.0,Eric Davis,Male,0.5999999999999996,0.18181818181818177,A,0.3333333333333333,Medium,B,0.88
7325.0,Ruth Davis,Male,0.5999999999999996,0.31818181818181823,B,0.6666666666666666,Low,A,0.9299999999999999
1474.0,Alison Lang,Male,1.0,0.31818181818181823,A,0.3333333333333333,Medium,C,0.57
8237.0,Robert Howard,Female,0.8399999999999999,0.4545454545454546,C,0.6666666666666666,Medium,A,0.6
2747.0,Rebecca Brown,Male,0.0,0.6363636363636364,A,1.0,Medium,A,0.51
4115.0,Derek Parks,Female,0.31999999999999984,0.5454545454545455,A,0.6666666666666666,Medium,A,0.79
2476.0,Jennifer Baker,Female,1.0,0.0,B,1.0,High,B,0.9400000000000001
3695.0,Diana Schultz,Female,0.5999999999999996,0.4545454545454546,A,0.6666666666666666,Medium,A,0.57
7242.0,Heather Johnson,Female,0.7999999999999998,0.7727272727272728,A,0.3333333333333333,Low,B,0.66
2035.0,Robert Lowery,Female,0.7199999999999998,0.0,A,0.0,High,A,0.65
6942.0,Brent Burns,Male,1.0,0.18181818181818177,A,0.3333333333333333,Medium,A,0.59
2501.0,Melissa Barber,Male,0.8399999999999999,0.31818181818181823,A,0.3333333333333333,High,B,0.89
1258.0,Courtney Haas,Male,0.7199999999999998,0.31818181818181823,B,0.0,Low,A,0.8700000000000001
6931.0,Sarah Ross,Male,0.5999999999999996,0.18181818181818177,A,1.0,High,B,0.65
8433.0,Jaime Nguyen,Female,0.7999999999999998,0.5454545454545455,B,1.0,Medium,A,0.9400000000000001
2099.0,Christina Thompson,Male,0.7999999999999998,0.5454545454545455,C,0.6666666666666666,Low,A,0.9099999999999999
3535.0,Tracy Gibbs,Female,0.8799999999999999,0.5454545454545455,A,0.6666666666666666,Medium,A,0.88
3972.0,Robert Davis,Male,0.8399999999999999,0.0,A,0.0,Low,A,0.55
1861.0,James Stewart,Male,0.31999999999999984,0.6363636363636364,A,0.6666666666666666,Medium,A,0.8300000000000001
7785.0,Brent Mendoza,Female,0.8799999999999999,0.18181818181818177,A,0.3333333333333333,Medium,A,0.64
9633.0,Dawn Taylor,Female,0.5999999999999996,0.7727272727272728,C,1.0,High,A,0.6
5186.0,Larry Brown,Female,1.0,0.5454545454545455,A,0.3333333333333333,Low,C,0.59
9196.0,Miss Teresa Hernandez MD,Female,0.7999999999999998,0.0,A,0.0,High,A,0.96
7626.0,Edward Baker,Female,0.7199999999999998,0.5454545454545455,C,0.3333333333333333,Medium,B,0.9
6928.0,Diana Gould,Male,0.0,0.5454545454545455,A,0.0,Low,C,0.76
6752.0,Paul Hull,Male,0.8799999999999999,0.5454545454545455,B,0.6666666666666666,High,B,0.8
3902.0,Allison Hamilton,Female,0.5999999999999996,0.6363636363636364,A,0.3333333333333333,Low,A,0.8200000000000001
6179.0,John King,Male,0.5999999999999996,0.5454545454545455,A,0.3333333333333333,Low,A,0.9
9307.0,Connie Cooper,Female,0.5999999999999996,0.6363636363636364,B,0.3333333333333333,Medium,A,0.8300000000000001
5059.0,Michaela Powell,Female,0.5999999999999996,0.18181818181818177,B,1.0,High,A,0.0
7697.0,Lawrence Roberts,Female,0.8399999999999999,0.31818181818181823,A,0.6666666666666666,Medium,A,0.78
5128.0,Nicholas Robinson DDS,Male,1.0,0.5454545454545455,A,0.0,Medium,A,0.98
3112.0,Jill Smith,Male,0.7199999999999998,0.18181818181818177,C,0.3333333333333333,High,B,0.55
9331.0,Michael Burns,Female,0.5999999999999996,1.0,A,0.0,High,A,0.97
4711.0,Adam Weaver,Male,0.31999999999999984,0.5454545454545455,A,0.6666666666666666,Low,B,0.92
6517.0,Melvin Mcgee,Male,0.8399999999999999,0.0,B,0.0,High,A,0.9
1715.0,William Banks,Female,1.0,0.7727272727272728,A,1.0,Medium,A,0.62
5670.0,Gregory Davila,Male,0.31999999999999984,0.4545454545454546,A,0.6666666666666666,High,C,0.55
6727.0,Rebekah Finley,Male,0.0,0.31818181818181823,C,0.6666666666666666,Medium,A,0.69
4678.0,Robert Martinez,Male,1.0,0.5454545454545455,A,0.0,High,A,0.64
8685.0,Steven Crawford,Female,0.8399999999999999,0.31818181818181823,A,0.3333333333333333,Medium,A,0.92
2029.0,George Cannon,Male,0.5999999999999996,0.6363636363636364,B,0.3333333333333333,Low,B,0.79
9576.0,Stephanie Lawrence,Female,0.7999999999999998,0.18181818181818177,B,0.6666666666666666,Low,B,0.51
6447.0,Adam Blackwell,Male,0.5999999999999996,1.0,B,0.3333333333333333,Low,B,0.92
8840.0,Andrew Owens,Male,0.31999999999999984,0.5454545454545455,A,0.3333333333333333,Medium,A,0.52
6170.0,John Sexton,Female,0.48,0.0,B,0.3333333333333333,Medium,A,0.88
4060.0,Leon Nguyen,Female,0.5999999999999996,1.0,B,0.6666666666666666,High,C,0.54
9937.0,John White,Female,1.0,0.5454545454545455,A,0.3333333333333333,Low,A,0.65
3730.0,Justin Martinez,Female,1.0,0.40909090909090906,A,0.3333333333333333,Low,C,0.64
3068.0,Jacob Murray,Male,0.8799999999999999,1.0,A,0.0,Low,A,0.8
7077.0,Anthony Green,Female,0.5999999999999996,0.5454545454545455,A,0.0,Low,A,0.7
8311.0,Michael Smith,Male,0.8399999999999999,0.4545454545454546,A,1.0,High,B,0.9299999999999999
8292.0,William Hogan,Male,1.0,1.0,A,0.6666666666666666,Low,A,0.95
3114.0,Keith Wu,Female,0.48,0.31818181818181823,A,0.6666666666666666,High,A,0.5800000000000001
9234.0,Ronald Stewart,Male,0.8399999999999999,0.6363636363636364,B,0.0,Low,A,0.8600000000000001
1674.0,Ronald Schmidt,Male,0.7999999999999998,0.31818181818181823,A,0.6666666666666666,Low,A,0.88
9159.0,Courtney Bradley,Female,0.7199999999999998,0.40909090909090906,A,0.0,Medium,A,0.54
8202.0,Deanna Gonzalez,Female,0.5999999999999996,0.40909090909090906,A,0.3333333333333333,Low,B,0.66
6658.0,Darrell Adams,Female,0.31999999999999984,1.0,B,0.6666666666666666,High,A,0.62
8366.0,Michael Mata,Male,0.31999999999999984,0.5454545454545455,A,0.6666666666666666,Medium,A,0.71
5681.0,Jill Williams,Male,0.7999999999999998,0.0,B,0.6666666666666666,Low,A,0.88
7563.0,Julia Russell,Male,0.8399999999999999,0.18181818181818177,A,0.3333333333333333,Low,A,0.54
4261.0,Tonya Thompson,Female,0.48,0.31818181818181823,A,0.3333333333333333,High,A,0.9
1436.0,Elizabeth Andersen,Female,0.7199999999999998,0.6363636363636364,A,1.0,Low,A,0.79
4340.0,Christopher Jones,Female,0.48,0.6363636363636364,A,0.3333333333333333,Low,B,0.76
8932.0,Alexis Bates,Male,0.8799999999999999,0.4545454545454546,B,0.6666666666666666,High,A,0.89
7464.0,Omar Gonzalez,Female,0.31999999999999984,0.4545454545454546,A,0.6666666666666666,Low,A,0.67
8849.0,Melissa Perry,Male,0.8799999999999999,0.18181818181818177,A,0.6666666666666666,Low,A,0.57
4972.0,Dawn Torres,Male,0.48,0.7727272727272728,A,0.3333333333333333,High,C,0.67
5676.0,Anna Rollins MD,Male,0.7999999999999998,0.6363636363636364,A,0.6666666666666666,Low,A,0.96
3880.0,Timothy Barrera,Male,0.0,0.40909090909090906,B,0.6666666666666666,High,A,0.65
6489.0,Susan Morris,Female,0.5999999999999996,0.18181818181818177,B,0.3333333333333333,High,B,0.73
3875.0,Kristy Rhodes,Female,0.0,0.18181818181818177,A,0.6666666666666666,Medium,A,0.59
7813.0,Mrs. Kathy Woodward,Female,0.48,0.7727272727272728,A,1.0,High,B,0.72
2279.0,Alexis Horn,Male,0.5999999999999996,0.18181818181818177,B,1.0,Low,B,0.57
2904.0,Shannon Harris DDS,Male,0.8399999999999999,0.40909090909090906,A,0.6666666666666666,Medium,A,0.73
8484.0,Alicia Ortiz,Male,0.48,0.40909090909090906,A,0.3333333333333333,Medium,A,0.0
1372.0,Gina Palmer,Female,0.5999999999999996,0.18181818181818177,C,0.6666666666666666,Medium,A,0.62
8314.0,David Anderson,Male,0.8799999999999999,0.31818181818181823,C,0.3333333333333333,High,B,0.61
4948.0,Kathy Sandoval,Male,0.7199999999999998,0.09090909090909094,A,0.3333333333333333,Low,C,0.98
7363.0,Michael Webb,Male,0.7199999999999998,0.7727272727272728,A,0.6666666666666666,Medium,A,0.55
1844.0,Ronnie Taylor,Female,0.0,0.6363636363636364,A,0.3333333333333333,High,A,0.9
8854.0,Matthew Miller,Male,1.0,0.4545454545454546,A,1.0,High,A,0.8700000000000001
4974.0,Shelly Hurley,Male,0.0,0.7727272727272728,B,0.3333333333333333,Medium,C,0.73
6053.0,Mr. Martin Dominguez MD,Female,1.0,0.18181818181818177,A,0.3333333333333333,High,A,0.88
5836.0,Anthony Smith,Male,0.8799999999999999,1.0,A,0.0,Low,A,0.75
5216.0,John Lopez,Female,0.5999999999999996,0.40909090909090906,B,0.3333333333333333,High,B,0.8600000000000001
9882.0,Nathan Rodgers,Male,0.48,0.31818181818181823,A,0.3333333333333333,High,C,0.57
2113.0,Martin Walker,Male,0.5999999999999996,0.7727272727272728,B,0.3333333333333333,Medium,A,0.81
8993.0,Jesus Wood,Male,0.5999999999999996,0.18181818181818177,B,0.0,High,A,0.76
1280.0,Kelly Bell,Female,0.31999999999999984,0.5454545454545455,A,0.6666666666666666,High,A,0.6
6807.0,Kathryn Randall,Female,0.0,0.5454545454545455,A,0.0,Medium,A,0.62
5914.0,Sarah Norris,Male,0.5999999999999996,0.5454545454545455,C,0.0,Medium,B,0.74
8790.0,William Wade,Female,0.5999999999999996,0.5454545454545455,A,0.6666666666666666,Low,A,0.59
7288.0,Teresa Sanders,Male,0.7999999999999998,0.18181818181818177,A,0.3333333333333333,High,C,0.62
7499.0,Richard Oneal,Female,0.5999999999999996,0.4545454545454546,A,0.3333333333333333,High,A,0.78
4043.0,Christine Cooper,Female,0.7999999999999998,0.6363636363636364,A,1.0,Low,A,0.54
2674.0,Loretta Gonzalez,Male,0.7999999999999998,0.09090909090909094,C,0.3333333333333333,Low,B,0.76
2468.0,Douglas Ingram,Female,0.48,0.5454545454545455,A,1.0,Medium,C,0.51
2387.0,Randy Anderson,Male,0.8399999999999999,0.18181818181818177,B,0.0,High,B,0.63
3390.0,Donna Shaw,Male,0.31999999999999984,0.0,A,0.0,Medium,A,0.89
7224.0,Taylor Acosta,Female,0.5999999999999996,1.0,C,1.0,High,A,0.66
8848.0,Danielle Scott,Female,0.31999999999999984,0.0,A,0.6666666666666666,Low,A,0.98
6339.0,Melissa Aguirre,Female,0.7199999999999998,0.0,A,0.6666666666666666,Low,A,0.8
5139.0,Kimberly Lambert,Male,0.0,0.0,A,0.3333333333333333,Low,A,0.79
9907.0,Rebecca Mendoza DDS,Male,1.0,0.18181818181818177,A,0.6666666666666666,High,A,0.8300000000000001
1725.0,Michael Anderson,Female,1.0,0.0,A,0.3333333333333333,High,A,0.61
8303.0,Hannah Gentry,Female,0.0,0.40909090909090906,A,0.6666666666666666,High,A,1.0
5840.0,Patrick Reed,Female,0.7999999999999998,0.5454545454545455,B,0.3333333333333333,Medium,A,0.73
1370.0,Thomas Lee,Female,0.7999999999999998,0.09090909090909094,A,0.6666666666666666,High,B,0.5800000000000001
8037.0,Michael Martinez,Female,0.5999999999999996,0.7727272727272728,A,0.6666666666666666,Low,A,0.79
7367.0,Sean Hull,Female,0.8399999999999999,0.5454545454545455,A,0.3333333333333333,Medium,A,0.59
2388.0,Sarah Welch,Male,1.0,0.5454545454545455,A,0.6666666666666666,High,B,0.69
7852.0,Mr. Stephen Gilmore,Male,0.8399999999999999,0.0,C,0.0,Medium,B,0.8500000000000001
8939.0,Joshua Kane,Male,0.8799999999999999,0.0,B,0.6666666666666666,Low,A,0.7
8272.0,Anthony Wright,Female,0.31999999999999984,0.5454545454545455,A,0.3333333333333333,High,A,0.52
3755.0,Nathaniel Lopez,Female,0.8399999999999999,0.40909090909090906,B,0.6666666666666666,High,A,0.56
9880.0,Darlene Fletcher,Male,0.5999999999999996,0.18181818181818177,A,0.0,High,A,0.65
5305.0,Christopher Moore,Female,0.7999999999999998,0.40909090909090906,A,1.0,High,A,0.8400000000000001
1971.0,Michael Gomez,Female,0.31999999999999984,0.09090909090909094,A,0.0,Low,A,0.9099999999999999
9019.0,Caleb Serrano,Male,0.8399999999999999,0.4545454545454546,C,0.0,Medium,A,0.8200000000000001
7600.0,William Carlson,Female,1.0,0.40909090909090906,A,0.3333333333333333,Low,A,0.9299999999999999
8511.0,Timothy Pruitt,Female,0.7999999999999998,0.18181818181818177,C,1.0,Medium,A,0.75
6533.0,Mario Johnston,Male,0.8399999999999999,0.40909090909090906,A,0.3333333333333333,High,A,0.81
3035.0,Rebecca Kim,Male,0.5999999999999996,0.40909090909090906,A,0.0,High,B,0.9400000000000001
5489.0,Joyce Williams,Male,1.0,0.4545454545454546,A,0.3333333333333333,Low,B,0.53
3688.0,Patricia Williams,Female,1.0,0.7727272727272728,B,0.0,Low,A,0.9299999999999999
3293.0,Michael Payne,Male,0.8399999999999999,0.0,A,0.0,Medium,B,0.62
5065.0,Brooke Friedman,Female,0.5999999999999996,0.4545454545454546,A,0.6666666666666666,Low,B,0.59
1894.0,Daniel Mathis,Male,0.5999999999999996,0.0,A,1.0,Medium,A,0.54
1273.0,Kimberly Randolph,Male,0.5999999999999996,0.4545454545454546,A,0.3333333333333333,High,C,0.75
7939.0,Jack Simmons,Female,0.7999999999999998,0.18181818181818177,B,1.0,High,A,0.54
3545.0,Daniel Mendez,Female,0.0,0.6363636363636364,A,0.6666666666666666,Low,C,0.8600000000000001
5005.0,Travis Lawson,Male,0.0,0.5454545454545455,A,1.0,Low,A,0.65
3735.0,Shawn Galloway,Female,0.31999999999999984,0.4545454545454546,A,0.3333333333333333,Medium,C,0.64
2262.0,Thomas Barnes,Female,0.5999999999999996,0.18181818181818177,A,0.3333333333333333,Medium,A,0.5800000000000001
5444.0,Patrick Thompson,Male,0.8399999999999999,1.0,A,0.6666666666666666,Low,A,0.59
7568.0,Marissa Stewart,Male,0.5999999999999996,0.4545454545454546,A,0.3333333333333333,High,B,0.73
5777.0,Melissa Wilson,Female,0.8399999999999999,0.7727272727272728,A,0.3333333333333333,Low,A,1.0
6488.0,Mark Castillo,Male,0.0,0.4545454545454546,A,1.0,Low,A,0.71
5584.0,Mr. Kent Stanton,Male,0.5999999999999996,0.7727272727272728,B,0.0,Low,A,0.73
2565.0,Tyrone Phillips,Male,0.0,0.5454545454545455,A,1.0,High,C,0.8300000000000001
5778.0,Christopher Collins,Female,1.0,0.0,A,0.3333333333333333,Medium,A,0.62
8404.0,Christopher Mccullough,Female,0.5999999999999996,0.4545454545454546,A,0.6666666666666666,High,A,0.9099999999999999
4522.0,Carla Rodriguez,Female,0.31999999999999984,0.5454545454545455,A,0.3333333333333333,Medium,B,0.52
3848.0,Makayla Howard,Male,0.0,0.40909090909090906,B,0.6666666666666666,High,A,0.73
2989.0,Barbara White,Male,0.5999999999999996,0.7727272727272728,B,1.0,Medium,A,0.8400000000000001
5240.0,Sarah Davis,Male,0.5999999999999996,0.5454545454545455,A,0.3333333333333333,High,A,0.95
1699.0,Cody Donovan,Female,0.5999999999999996,0.09090909090909094,A,0.0,Low,C,0.75
5835.0,Benjamin Alexander,Female,0.0,0.18181818181818177,A,0.3333333333333333,High,A,0.69
9614.0,Isaac Lopez,Male,0.48,0.31818181818181823,C,0.3333333333333333,Medium,B,0.89
7363.0,Ariana Morse,Female,0.31999999999999984,0.31818181818181823,A,1.0,High,A,0.95
9743.0,Amy Lawson,Male,0.8799999999999999,0.6363636363636364,C,0.3333333333333333,High,B,0.62
1462.0,Derek Choi,Female,0.8399999999999999,0.6363636363636364,B,1.0,High,A,0.77
1621.0,Paul Reese,Male,0.5999999999999996,0.7727272727272728,A,1.0,High,B,0.74
3137.0,Francisco Chang,Female,0.31999999999999984,1.0,A,0.3333333333333333,High,A,0.8500000000000001
8157.0,Andrew Wilkerson,Female,1.0,0.09090909090909094,B,1.0,Medium,A,0.8300000000000001
6026.0,Brandon Alvarez,Female,0.31999999999999984,0.09090909090909094,A,1.0,Medium,A,0.52
4619.0,Gary Young,Male,0.5999999999999996,0.09090909090909094,A,0.6666666666666666,High,A,0.99
6500.0,Jessica Wright,Female,0.5999999999999996,0.4545454545454546,A,1.0,Low,A,0.68
2661.0,Alexander Gordon DDS,Female,0.8399999999999999,0.7727272727272728,B,0.3333333333333333,High,A,0.65
2715.0,James Martinez,Male,1.0,0.09090909090909094,C,0.0,Low,A,0.77
8909.0,Francisco Williams,Male,0.0,0.09090909090909094,A,0.0,High,A,0.55
7705.0,Jordan Brooks,Female,0.7199999999999998,0.4545454545454546,A,0.6666666666666666,High,C,0.79
1893.0,Kurt Boyd,Female,0.5999999999999996,0.0,A,0.6666666666666666,Low,A,0.74
4390.0,Bryan Salazar,Male,0.7199999999999998,0.5454545454545455,A,0.6666666666666666,Medium,C,0.74
2493.0,Mrs. Heather Roy,Female,0.31999999999999984,1.0,C,0.3333333333333333,High,A,0.52
4727.0,Kathleen Newton,Male,0.0,0.18181818181818177,C,0.6666666666666666,Low,A,0.79
5896.0,Julian Fox,Male,0.0,0.31818181818181823,B,1.0,Low,A,0.8400000000000001
2970.0,Kylie Hancock,Female,0.31999999999999984,0.09090909090909094,A,1.0,High,A,0.71
4308.0,Matthew Werner,Male,0.8399999999999999,0.4545454545454546,A,0.6666666666666666,High,C,0.78
5525.0,Kelsey Bush,Female,0.5999999999999996,0.6363636363636364,A,0.6666666666666666,Medium,A,0.71
2730.0,Brandon Dickerson,Male,0.7199999999999998,0.18181818181818177,A,0.0,Medium,C,0.8300000000000001
1613.0,Jamie Allen,Male,0.7199999999999998,0.0,B,1.0,Low,C,0.52
4734.0,Elizabeth Chavez,Male,0.7199999999999998,0.40909090909090906,A,0.6666666666666666,Low,C,0.8
8237.0,Melissa Morris,Male,0.0,0.40909090909090906,B,0.3333333333333333,High,B,0.9
9303.0,Donna Hardin,Female,0.31999999999999984,0.18181818181818177,A,0.3333333333333333,High,A,0.9400000000000001
6640.0,Samuel Shaw,Male,0.7199999999999998,0.5454545454545455,A,0.3333333333333333,Medium,A,0.5800000000000001
4626.0,Mike Waters,Male,0.8799999999999999,0.4545454545454546,C,0.6666666666666666,High,A,0.74
5631.0,Barry Jenkins,Female,0.7999999999999998,0.40909090909090906,A,0.3333333333333333,Medium,A,0.9299999999999999
4086.0,Laurie Johnson,Male,0.48,0.7727272727272728,A,1.0,Medium,A,0.8400000000000001
9148.0,John Coleman,Female,0.7199999999999998,0.0,C,0.0,Low,A,0.79
6622.0,John Carter,Male,0.48,0.40909090909090906,A,0.6666666666666666,Medium,B,0.92
5813.0,Mr. Devon Garrett,Male,0.5999999999999996,0.09090909090909094,A,0.6666666666666666,High,A,0.8300000000000001
1879.0,Richard Gonzalez,Male,0.5999999999999996,0.7727272727272728,B,0.6666666666666666,Low,C,0.76
3470.0,Alex White,Male,0.8799999999999999,1.0,C,1.0,Medium,B,0.66
2324.0,Michael Gonzales,Female,1.0,0.09090909090909094,A,0.3333333333333333,High,A,0.64
1076.0,Daniel Herrera,Male,0.48,0.7727272727272728,A,0.3333333333333333,Medium,B,0.6
6615.0,Heidi Simmons,Female,1.0,0.7727272727272728,B,0.0,High,A,0.61
1359.0,Andrea Fuller,Male,0.7999999999999998,1.0,A,0.0,Low,A,0.89
1785.0,David Dunlap,Male,0.5999999999999996,0.31818181818181823,A,0.0,Medium,C,0.56
3508.0,Antonio Mitchell,Male,0.5999999999999996,0.4545454545454546,C,0.6666666666666666,Low,B,0.63
7862.0,Mariah Cole,Male,0.48,0.6363636363636364,A,0.6666666666666666,High,A,0.75
6416.0,Raymond Murillo,Male,0.5999999999999996,0.31818181818181823,A,0.6666666666666666,Low,A,0.0
2659.0,Andrea Bradley,Female,0.8799999999999999,0.40909090909090906,A,0.6666666666666666,Medium,A,0.55
2699.0,Eric Scott,Female,0.8399999999999999,0.40909090909090906,A,0.3333333333333333,High,A,0.69
6664.0,Robin Spears,Female,0.31999999999999984,0.18181818181818177,A,0.3333333333333333,High,B,0.75
3709.0,David Owens,Male,0.5999999999999996,1.0,A,0.3333333333333333,Medium,A,0.75
9328.0,Beverly Fisher,Male,0.5999999999999996,1.0,A,0.3333333333333333,High,A,0.67
6952.0,Sarah Bailey,Female,0.7999999999999998,0.5454545454545455,A,0.3333333333333333,Medium,A,0.9099999999999999
2741.0,Kendra Ramirez,Male,0.31999999999999984,0.40909090909090906,B,0.0,High,A,0.81
7437.0,Diane Ross,Male,0.5999999999999996,0.7727272727272728,A,0.6666666666666666,Medium,A,0.96
8381.0,Stephanie Mcfarland,Female,0.8399999999999999,0.18181818181818177,B,0.3333333333333333,High,B,0.8700000000000001
8912.0,Michelle Woods,Male,0.8399999999999999,0.09090909090909094,B,0.6666666666666666,Medium,A,0.8
7859.0,David Ruiz,Male,0.7199999999999998,0.0,A,0.6666666666666666,Medium,B,0.57
6876.0,David Park,Female,0.7999999999999998,0.6363636363636364,B,1.0,Low,B,0.69
1769.0,Christopher Poole,Female,0.0,0.0,A,0.6666666666666666,High,A,0.8700000000000001
4063.0,Virginia Daniel,Male,0.48,0.5454545454545455,C,0.3333333333333333,Medium,A,0.78
5178.0,Melissa Gordon,Male,1.0,0.40909090909090906,B,0.3333333333333333,High,A,0.8
9037.0,Brett Barrett,Female,0.7999999999999998,1.0,B,1.0,High,B,0.53
9691.0,Haley Robertson,Female,0.48,0.31818181818181823,A,0.3333333333333333,Medium,A,0.95
1653.0,Michelle Gonzalez,Female,0.0,0.5454545454545455,C,0.6666666666666666,Low,A,0.51
9814.0,Felicia Howard,Male,0.7999999999999998,0.7727272727272728,A,0.0,High,A,0.77
2181.0,Sean Walker,Male,0.5999999999999996,0.40909090909090906,A,0.3333333333333333,High,A,0.53
2154.0,Brianna Mills,Male,0.7199999999999998,0.0,C,0.3333333333333333,Low,C,0.72
2938.0,Michael Case,Male,0.8399999999999999,0.5454545454545455,A,0.3333333333333333,Low,A,0.68
5748.0,Felicia Houston,Female,0.8399999999999999,0.5454545454545455,A,0.3333333333333333,Medium,C,0.9099999999999999
3561.0,Kevin Wilson,Male,0.31999999999999984,0.0,B,0.6666666666666666,Low,B,0.65
1182.0,Mary Vaughn,Male,0.7999999999999998,0.31818181818181823,A,1.0,Low,C,0.77
5533.0,Paul Williams,Female,0.31999999999999984,1.0,A,0.3333333333333333,Medium,A,0.89
3879.0,Tyler Boyer,Male,0.7199999999999998,0.09090909090909094,B,1.0,Medium,A,0.8600000000000001
7637.0,Kristy Nichols,Male,0.5999999999999996,0.18181818181818177,A,0.6666666666666666,Low,A,0.8300000000000001
7430.0,Darren Martin,Male,0.8399999999999999,0.4545454545454546,B,0.3333333333333333,Low,B,0.55
9485.0,Jesus Henson,Female,0.0,0.40909090909090906,A,0.3333333333333333,High,A,0.55
5314.0,Robin Stewart,Male,0.0,0.0,A,1.0,Low,A,0.76
9460.0,Lawrence Miller,Female,1.0,1.0,A,0.3333333333333333,Low,A,0.75
3713.0,Ronnie White,Male,0.7999999999999998,0.18181818181818177,A,1.0,High,B,0.5800000000000001
4773.0,John Fox,Female,1.0,0.5454545454545455,A,0.3333333333333333,Medium,A,0.8
1916.0,Daniel Scott,Male,0.7199999999999998,0.09090909090909094,B,0.0,Low,A,0.8200000000000001
9706.0,Tiffany Moore,Male,0.7999999999999998,0.40909090909090906,B,1.0,Low,A,0.95
9553.0,Sylvia Chavez,Female,1.0,0.31818181818181823,B,0.0,High,A,0.89
2600.0,Gerald Reilly,Female,0.31999999999999984,0.4545454545454546,A,1.0,High,A,0.8
5223.0,Ashlee Wilcox,Male,0.5999999999999996,0.31818181818181823,A,0.6666666666666666,High,B,0.5
6175.0,Lance Johnson,Female,1.0,0.5454545454545455,B,0.0,Low,A,0.63
2642.0,Patrick Gonzalez MD,Male,0.48,0.0,A,0.6666666666666666,Low,A,0.5800000000000001
2492.0,Cole Gomez,Male,0.5999999999999996,0.6363636363636364,C,0.6666666666666666,High,A,0.61
7296.0,Alejandro Gutierrez,Female,0.8399999999999999,0.18181818181818177,A,1.0,High,B,0.8200000000000001
4304.0,Natalie Long,Female,0.8799999999999999,0.31818181818181823,A,0.6666666666666666,Low,A,0.81
6893.0,Abigail Ingram,Male,0.5999999999999996,0.09090909090909094,A,0.6666666666666666,Medium,A,0.8300000000000001
9482.0,Eileen Lee,Male,0.7999999999999998,0.5454545454545455,B,0.6666666666666666,Low,B,0.96
2185.0,Melanie Wilson,Female,1.0,0.5454545454545455,B,0.6666666666666666,Low,A,0.63
8923.0,Gloria Henderson,Male,1.0,0.40909090909090906,A,1.0,High,A,0.56
4610.0,Christopher Payne,Male,1.0,0.0,A,0.6666666666666666,Low,A,0.8500000000000001
5706.0,John Franklin,Male,0.0,1.0,A,0.6666666666666666,High,A,0.66
3994.0,Angel Stout,Male,0.5999999999999996,0.7727272727272728,A,1.0,Medium,A,0.61
1887.0,Zachary Daniel,Female,0.5999999999999996,0.18181818181818177,A,0.6666666666666666,Medium,C,0.9299999999999999
8490.0,Angel Howard,Male,0.48,0.40909090909090906,A,0.3333333333333333,High,A,0.69
4744.0,Sean Levine,Male,0.7199999999999998,0.7727272727272728,B,0.0,Medium,A,0.57
8749.0,Brian Diaz,Male,0.31999999999999984,0.0,A,0.0,Low,B,0.77
5915.0,Catherine Koch,Female,0.48,0.6363636363636364,A,0.0,High,B,0.53
5663.0,Mary Warren,Female,1.0,0.18181818181818177,A,0.3333333333333333,High,C,0.81
3745.0,Amanda Bryant,Female,0.0,0.6363636363636364,A,0.0,High,A,0.5800000000000001
6191.0,Joel Ford,Female,0.7199999999999998,0.6363636363636364,C,0.6666666666666666,Medium,A,0.8700000000000001
7782.0,Mark Miller,Male,0.31999999999999984,0.31818181818181823,B,1.0,Low,A,0.97
9584.0,Lisa Mitchell,Male,0.7999999999999998,0.4545454545454546,A,0.0,High,C,0.65
8260.0,William White,Male,0.31999999999999984,0.18181818181818177,B,0.3333333333333333,High,A,0.9299999999999999
9576.0,Elizabeth Wright,Female,1.0,0.40909090909090906,B,1.0,High,A,0.65
8816.0,Sydney Patterson,Female,0.5999999999999996,0.0,A,1.0,High,A,0.77
8161.0,Lisa Johnson,Female,0.8799999999999999,0.09090909090909094,C,0.0,High,A,0.54
9464.0,Todd Jackson,Female,0.7199999999999998,0.18181818181818177,A,0.0,High,A,0.59
8460.0,Shelby Richards,Female,0.7199999999999998,0.6363636363636364,A,1.0,Medium,A,0.5800000000000001
4046.0,Joseph Roberts,Male,0.7199999999999998,0.4545454545454546,B,0.3333333333333333,Low,A,0.62
9086.0,Samantha Burton,Male,1.0,0.0,A,0.3333333333333333,Medium,A,0.8500000000000001
2314.0,Cynthia Mcdonald,Male,0.5999999999999996,0.4545454545454546,C,0.6666666666666666,Low,A,0.59
1206.0,Kimberly Petty,Male,0.8799999999999999,0.0,A,1.0,Low,A,0.6
9538.0,Joshua Carpenter,Male,0.5999999999999996,0.0,A,0.3333333333333333,High,A,0.8700000000000001
5150.0,Jessica Fuller,Female,0.7199999999999998,0.7727272727272728,A,0.3333333333333333,Low,A,0.99
6316.0,Andrea Barber,Male,0.31999999999999984,0.4545454545454546,A,0.6666666666666666,Medium,A,0.5
3539.0,Brian Lyons,Female,0.7999999999999998,0.7727272727272728,B,0.3333333333333333,High,A,0.67
8187.0,Robert Taylor,Male,0.5999999999999996,0.0,A,0.0,Medium,A,0.74
2128.0,Steven Myers,Male,0.5999999999999996,0.4545454545454546,A,0.6666666666666666,Medium,A,0.5
4039.0,Cassandra Perez,Male,0.8399999999999999,1.0,A,1.0,Medium,A,0.8300000000000001
9572.0,Carrie Mccoy,Male,0.5999999999999996,0.09090909090909094,B,0.3333333333333333,High,A,0.74
7366.0,Amy Fisher,Female,0.48,0.6363636363636364,A,0.6666666666666666,High,A,0.61
1214.0,Stephanie Reid,Male,0.5999999999999996,0.5454545454545455,A,0.3333333333333333,Medium,B,0.8700000000000001
4784.0,Christina Russo,Female,0.8799999999999999,0.7727272727272728,B,1.0,Low,B,0.78
2728.0,Raymond Howell,Female,0.5999999999999996,0.0,A,0.0,High,B,0.7
9747.0,Angela Perez,Female,1.0,1.0,B,0.3333333333333333,Medium,C,0.88
4817.0,Melissa Lucas,Female,0.7199999999999998,0.5454545454545455,A,0.0,Low,A,0.8700000000000001
8905.0,Heidi Leonard,Male,0.5999999999999996,0.6363636363636364,A,1.0,Low,A,0.52
7266.0,Richard Swanson,Male,0.7199999999999998,0.18181818181818177,A,0.3333333333333333,Low,A,0.57
3509.0,Lauren Simpson,Male,0.0,0.40909090909090906,A,1.0,Low,A,0.61
7939.0,Michael Kelly,Female,1.0,0.7727272727272728,A,0.3333333333333333,Low,A,0.88
8245.0,Peggy Hill,Male,0.5999999999999996,0.31818181818181823,A,1.0,Low,A,0.5800000000000001
8373.0,Laura Stevens,Female,0.5999999999999996,1.0,A,0.6666666666666666,High,A,0.77
9991.0,Terri Potter,Female,0.8399999999999999,0.09090909090909094,A,0.0,Low,B,0.52
5653.0,Veronica Saunders,Male,0.8399999999999999,0.4545454545454546,A,0.3333333333333333,Low,A,0.53
6901.0,Emily Townsend,Male,0.5999999999999996,0.4545454545454546,C,1.0,Medium,B,0.99
6465.0,Jennifer Dickson,Female,0.0,0.09090909090909094,A,0.3333333333333333,Low,A,0.68
9212.0,Alexa West,Female,0.5999999999999996,0.4545454545454546,C,0.3333333333333333,Low,A,0.61
3248.0,Phillip Donovan,Male,0.0,0.18181818181818177,A,1.0,Medium,A,0.79
6395.0,Monique King,Female,0.48,0.09090909090909094,A,0.0,Low,B,0.8400000000000001
4804.0,Nathan Wall,Male,0.5999999999999996,1.0,A,0.3333333333333333,High,B,0.92
4014.0,Kristin Macias,Female,0.5999999999999996,0.40909090909090906,B,0.0,High,A,0.52
9530.0,Bradley Stevens,Male,0.5999999999999996,0.40909090909090906,A,1.0,Low,B,0.7
7347.0,Morgan Hampton,Male,0.8799999999999999,0.4545454545454546,A,0.0,Medium,A,0.73
1893.0,Lori Carrillo,Male,0.5999999999999996,0.40909090909090906,A,0.6666666666666666,High,B,0.89
7440.0,Samantha Novak,Female,1.0,0.40909090909090906,A,0.0,Medium,A,0.95
2477.0,Audrey Robinson,Female,1.0,0.09090909090909094,A,0.6666666666666666,High,A,0.8200000000000001
9383.0,Lindsey Kerr,Male,0.0,0.18181818181818177,C,0.3333333333333333,High,A,0.78
3656.0,Cynthia Nguyen,Male,0.31999999999999984,0.31818181818181823,C,0.6666666666666666,Medium,A,0.64
3155.0,Ryan Hood,Male,0.5999999999999996,0.6363636363636364,A,0.3333333333333333,Medium,A,0.9299999999999999
9084.0,Matthew Stevenson,Male,0.8799999999999999,0.6363636363636364,A,0.3333333333333333,Medium,A,0.54
5009.0,Rhonda White,Female,0.8399999999999999,0.18181818181818177,A,0.3333333333333333,High,B,0.53
3381.0,Larry Ramsey,Male,0.8399999999999999,0.6363636363636364,A,0.3333333333333333,High,A,0.55
5659.0,Kimberly Anderson,Male,0.5999999999999996,0.6363636363636364,A,0.3333333333333333,High,A,0.66
4425.0,Kelly Baker,Male,0.7999999999999998,0.6363636363636364,B,0.6666666666666666,Medium,A,0.97
7996.0,Wendy Miller,Female,0.7199999999999998,0.18181818181818177,A,1.0,Medium,B,0.81
9069.0,Michael Webster,Male,0.8399999999999999,0.7727272727272728,A,1.0,High,A,0.51
4396.0,Michelle Ryan,Female,0.0,0.31818181818181823,A,0.3333333333333333,Low,A,0.51
5168.0,Justin Jennings,Male,0.7199999999999998,0.4545454545454546,B,0.6666666666666666,Medium,A,0.56
7488.0,Norma Ward,Male,0.31999999999999984,0.7727272727272728,A,0.3333333333333333,Low,A,0.96
6152.0,Amy Evans,Male,0.7199999999999998,0.0,A,0.3333333333333333,High,A,0.73
9192.0,Stephen Ramirez,Male,0.8799999999999999,1.0,A,0.6666666666666666,Medium,A,0.57
4361.0,Nicholas Baxter,Male,0.5999999999999996,0.0,B,0.6666666666666666,High,A,0.97
6460.0,Raymond Smith,Female,0.5999999999999996,0.5454545454545455,B,0.6666666666666666,High,A,0.88
6257.0,Roy Johnson,Male,0.8799999999999999,0.4545454545454546,A,0.6666666666666666,Medium,A,0.8400000000000001
5440.0,Justin Johnson,Male,0.7199999999999998,0.6363636363636364,A,0.0,High,A,0.81
8304.0,Kaylee Benjamin,Female,0.7199999999999998,1.0,A,0.6666666666666666,High,A,0.78
2593.0,Charles Murphy,Female,0.7199999999999998,0.40909090909090906,A,1.0,High,B,0.9299999999999999
8842.0,Michael Woods,Female,0.31999999999999984,0.4545454545454546,A,1.0,Low,B,0.75
6339.0,Michael Kane,Male,0.7199999999999998,0.18181818181818177,A,0.0,Low,C,0.62
8903.0,Susan Benson,Female,0.7999999999999998,1.0,A,1.0,Medium,C,0.78
3835.0,Timothy Armstrong,Male,0.8399999999999999,0.40909090909090906,A,1.0,Low,A,0.66
3886.0,Cindy Harvey,Female,0.0,0.5454545454545455,A,0.6666666666666666,Low,A,0.89
9098.0,Caitlin Carter,Male,0.7999999999999998,0.7727272727272728,B,1.0,Low,A,0.88
8421.0,Ricky Johnson,Female,0.0,0.6363636363636364,A,0.3333333333333333,High,A,0.8400000000000001
5989.0,Bryan Hoover,Female,1.0,0.5454545454545455,A,0.3333333333333333,Low,B,0.7
2022.0,Elijah Wagner,Female,0.48,0.31818181818181823,A,0.6666666666666666,Medium,A,0.9299999999999999
8073.0,Felicia Davis,Female,1.0,0.0,C,0.0,Medium,B,0.61
3200.0,Michael Yoder,Male,0.7999999999999998,0.31818181818181823,B,0.3333333333333333,Low,C,0.99
3248.0,Samantha York,Female,0.5999999999999996,0.6363636363636364,C,1.0,High,A,0.75
7303.0,Joanna Martinez,Female,0.8799999999999999,0.09090909090909094,C,1.0,High,A,0.75
9220.0,Penny Hopkins,Female,0.0,0.18181818181818177,A,0.3333333333333333,High,A,0.78
5017.0,Jennifer Morgan,Female,0.7999999999999998,0.18181818181818177,A,0.6666666666666666,Low,A,0.95
8681.0,Dalton Chen,Female,0.48,0.40909090909090906,A,0.3333333333333333,Medium,A,0.98
3744.0,Mrs. Amy Carney MD,Male,0.8399999999999999,0.4545454545454546,A,0.6666666666666666,High,A,0.79
5780.0,Melissa Wang,Male,0.7199999999999998,0.40909090909090906,A,0.0,Low,A,0.9299999999999999
7222.0,Deanna Jones,Female,0.5999999999999996,0.4545454545454546,B,0.6666666666666666,Medium,A,0.64
5183.0,Peter Figueroa,Female,0.5999999999999996,0.7727272727272728,A,1.0,Low,A,0.8400000000000001
9972.0,Jacob Thompson,Male,0.5999999999999996,0.5454545454545455,A,0.0,High,B,0.55
4594.0,Jonathon Woodward,Female,0.7199999999999998,0.7727272727272728,A,0.3333333333333333,Low,A,0.53
2995.0,Brian Hayes,Male,0.7999999999999998,0.6363636363636364,B,0.0,Low,A,0.9
4018.0,Lisa Carroll,Female,0.7199999999999998,0.40909090909090906,A,0.3333333333333333,Medium,C,0.8500000000000001
5216.0,Cassandra Ryan,Male,0.7999999999999998,0.4545454545454546,A,0.0,Medium,A,1.0
3915.0,Terri Hayden,Female,0.7999999999999998,0.40909090909090906,A,1.0,Medium,B,0.8200000000000001
9857.0,Taylor Burns,Female,0.8799999999999999,0.6363636363636364,A,0.3333333333333333,Low,A,0.55
5105.0,Andrew Jimenez,Female,0.5999999999999996,0.40909090909090906,B,0.3333333333333333,High,C,0.63
7411.0,Wendy King,Male,0.48,0.40909090909090906,A,0.0,Medium,A,0.77
8898.0,Luis Carter,Male,0.8399999999999999,0.18181818181818177,A,0.3333333333333333,Low,A,0.7
5896.0,Tiffany Sanders,Female,0.7999999999999998,1.0,A,0.6666666666666666,Low,A,0.8700000000000001
9791.0,Brittany Andrews,Male,0.8399999999999999,0.7727272727272728,A,0.3333333333333333,Low,B,0.74
1750.0,William Weber,Male,0.31999999999999984,0.31818181818181823,B,0.3333333333333333,Medium,A,0.73
2742.0,Angela Ortiz,Male,0.5999999999999996,0.6363636363636364,A,1.0,High,A,0.71
3185.0,Travis Harrell,Male,0.8399999999999999,0.0,B,0.3333333333333333,Medium,A,0.5
5648.0,Craig Mccann,Female,0.5999999999999996,0.09090909090909094,A,0.0,Low,A,0.76
3859.0,Scott Edwards,Male,0.8399999999999999,0.09090909090909094,A,1.0,High,A,0.67
4144.0,Kelly Cohen,Male,0.48,0.5454545454545455,A,0.3333333333333333,Low,B,0.61
9804.0,Henry Johnson,Male,0.31999999999999984,0.31818181818181823,A,0.6666666666666666,High,A,0.95
6340.0,Keith Wilson,Female,0.8799999999999999,1.0,A,0.6666666666666666,Medium,A,0.55
4276.0,Jordan Chase,Female,0.8799999999999999,0.5454545454545455,A,1.0,Medium,A,0.95
8454.0,Kayla Solomon,Male,0.0,1.0,B,0.3333333333333333,Low,A,0.8200000000000001
6503.0,Hayley Johnson,Male,0.5999999999999996,0.6363636363636364,A,0.6666666666666666,High,A,0.9299999999999999
3804.0,John Bender,Female,0.8799999999999999,0.4545454545454546,A,0.0,Low,A,0.95
5041.0,Michael Willis,Male,1.0,0.0,A,1.0,Low,B,0.96
1724.0,James Simmons,Male,0.5999999999999996,0.18181818181818177,A,0.0,Low,C,0.74
8452.0,Michael Walters,Female,0.31999999999999984,0.0,B,0.3333333333333333,Low,A,0.8500000000000001
7305.0,Jason Anderson,Female,0.48,0.31818181818181823,A,0.0,Medium,A,0.77
6989.0,James Hoover,Female,0.31999999999999984,0.18181818181818177,A,0.6666666666666666,Low,A,0.57
9841.0,Julie Garza,Male,0.5999999999999996,0.6363636363636364,A,1.0,Medium,A,0.95
9714.0,Erica Thomas,Female,0.5999999999999996,0.6363636363636364,A,0.6666666666666666,High,A,0.54
5803.0,Molly Jones,Female,0.48,0.09090909090909094,A,0.3333333333333333,Medium,A,0.8700000000000001
7093.0,Arthur Johnson,Female,0.5999999999999996,0.09090909090909094,A,0.6666666666666666,Medium,B,0.81
3986.0,Collin Edwards,Male,0.31999999999999984,0.09090909090909094,A,0.6666666666666666,High,A,0.79
9743.0,Mr. Clinton Camacho,Female,0.7999999999999998,0.31818181818181823,C,0.3333333333333333,High,A,0.96
8306.0,David Jimenez,Female,0.7999999999999998,1.0,A,1.0,Low,A,0.79
6915.0,Marvin Cardenas,Female,0.31999999999999984,0.0,A,0.0,Medium,A,0.64
2449.0,Christopher Taylor,Male,0.0,0.4545454545454546,C,0.0,Low,A,0.8600000000000001
4264.0,Brenda Bell,Male,0.0,0.4545454545454546,B,0.3333333333333333,High,A,0.92
8593.0,Ashley Nguyen,Male,0.5999999999999996,0.31818181818181823,B,0.6666666666666666,Medium,A,0.56
7834.0,Michael Bailey,Male,0.5999999999999996,0.7727272727272728,A,0.6666666666666666,Medium,A,1.0
1958.0,Katherine Mclaughlin,Male,1.0,0.40909090909090906,B,0.3333333333333333,High,A,0.64
1798.0,Karen Cruz,Female,0.7199999999999998,0.18181818181818177,A,0.6666666666666666,High,B,0.88
9908.0,Jodi Taylor,Female,1.0,0.4545454545454546,A,0.3333333333333333,High,B,0.79
3243.0,Thomas Mcgrath,Female,1.0,0.40909090909090906,C,0.3333333333333333,High,A,0.61
3108.0,Karen Wolf,Male,0.8799999999999999,0.4545454545454546,B,1.0,High,A,0.71
4365.0,Ashley Jordan,Male,0.31999999999999984,1.0,A,0.6666666666666666,High,A,0.97
3630.0,Lonnie Williams,Male,0.48,0.6363636363636364,A,0.6666666666666666,Low,A,0.76
5617.0,Michael Poole,Male,0.48,0.31818181818181823,A,1.0,Low,A,0.68
8203.0,David Martinez,Male,0.31999999999999984,1.0,C,0.0,High,B,0.0
3025.0,Eduardo Miller,Female,0.7999999999999998,0.18181818181818177,B,0.3333333333333333,Medium,A,0.78
2723.0,Audrey Woods,Female,0.5999999999999996,0.18181818181818177,A,0.6666666666666666,High,C,0.7
3764.0,Lauren Brown,Male,1.0,0.7727272727272728,A,1.0,Low,C,0.56
5563.0,Stephanie Merritt,Female,0.0,1.0,A,1.0,Medium,A,0.76
2770.0,Rebecca Jones,Male,0.7199999999999998,0.40909090909090906,A,1.0,Low,B,0.51
2117.0,Isaiah Arnold,Female,0.5999999999999996,0.09090909090909094,C,1.0,Low,A,0.5800000000000001
2253.0,Andrea Frey,Female,0.5999999999999996,0.7727272727272728,A,0.3333333333333333,Medium,B,0.63
1517.0,Andrew Dudley,Female,0.7999999999999998,0.0,A,0.3333333333333333,Medium,A,0.73
9837.0,Jane Griffith,Female,0.5999999999999996,0.18181818181818177,B,0.6666666666666666,High,C,0.63
6779.0,Jeff Phillips,Female,1.0,0.31818181818181823,A,1.0,High,B,0.92
6591.0,Dawn Edwards,Female,0.7999999999999998,0.0,A,0.3333333333333333,Medium,A,0.53
4844.0,Paige Campbell,Female,0.8399999999999999,0.5454545454545455,A,0.6666666666666666,High,A,0.5800000000000001
1612.0,Belinda Kim,Female,0.0,0.6363636363636364,B,0.0,Medium,A,0.8500000000000001
6504.0,Ruben Steele,Female,0.48,1.0,B,1.0,Medium,A,0.98
2234.0,Bradley Martinez,Male,0.7199999999999998,0.4545454545454546,A,0.6666666666666666,Low,C,0.9
2552.0,Alison Williams,Female,0.7199999999999998,0.5454545454545455,A,0.6666666666666666,Medium,C,0.6
5945.0,Scott Ferguson,Female,0.0,0.18181818181818177,A,1.0,Medium,C,0.63
9971.0,David Brown,Male,0.5999999999999996,0.18181818181818177,B,1.0,Medium,A,0.8300000000000001
7649.0,Renee Scott,Male,0.7999999999999998,0.09090909090909094,A,0.3333333333333333,High,A,0.73
7914.0,Aimee Green,Male,0.8799999999999999,0.09090909090909094,A,0.0,High,A,0.89
1691.0,Ricky Jenkins,Female,0.5999999999999996,0.31818181818181823,A,0.3333333333333333,Low,A,0.9299999999999999
2479.0,Kelly Allen MD,Female,0.31999999999999984,0.7727272727272728,A,1.0,Low,B,0.97
9133.0,Sean Smith,Male,0.8799999999999999,0.6363636363636364,A,0.3333333333333333,Medium,A,0.8700000000000001
7928.0,Robert Johnson,Male,0.31999999999999984,0.5454545454545455,B,1.0,Medium,A,0.7
6947.0,Ryan West,Female,1.0,0.4545454545454546,A,1.0,High,A,0.8500000000000001
5929.0,Christina Fitzgerald,Male,0.8799999999999999,0.4545454545454546,A,0.0,Medium,A,0.9400000000000001
1555.0,Susan Roberson,Female,0.7999999999999998,0.40909090909090906,A,0.0,Medium,C,0.9400000000000001
4010.0,Jodi Rogers,Female,0.31999999999999984,0.31818181818181823,C,1.0,Low,A,0.66
3585.0,Michelle Clay,Male,0.48,0.09090909090909094,A,0.0,Medium,A,0.74
5270.0,Jacob Bean,Male,0.8399999999999999,1.0,A,1.0,High,C,0.68
4677.0,Robert Harper,Male,0.5999999999999996,0.18181818181818177,A,1.0,High,A,0.6
1231.0,Michelle Graham,Female,0.5999999999999996,0.40909090909090906,A,1.0,Low,A,0.6
5717.0,Seth Johnson,Female,0.0,0.09090909090909094,C,1.0,Low,A,1.0
8506.0,Julia Sanchez,Male,0.5999999999999996,0.40909090909090906,B,0.3333333333333333,Low,C,0.8400000000000001
1745.0,Justin Sharp,Male,0.7199999999999998,0.18181818181818177,A,0.0,Medium,C,0.8400000000000001
3323.0,Christine Mullins,Female,0.7999999999999998,1.0,A,0.0,Medium,A,0.8700000000000001
5312.0,Timothy Mcbride,Female,0.48,1.0,C,0.0,Medium,A,0.88
1871.0,Deborah Reyes,Male,0.31999999999999984,0.31818181818181823,A,0.0,High,A,0.63
1067.0,Makayla Rhodes,Male,0.0,0.5454545454545455,A,0.3333333333333333,Low,A,0.9400000000000001
8439.0,Sean Hernandez,Female,0.8399999999999999,0.31818181818181823,A,0.3333333333333333,Low,A,0.98
4463.0,Christine Young,Male,0.7199999999999998,1.0,A,0.6666666666666666,Low,A,0.69
3916.0,Brian Hale,Male,0.0,0.5454545454545455,A,1.0,High,C,0.89
2975.0,Sandra Hart,Female,0.5999999999999996,0.0,A,1.0,High,A,0.8300000000000001
9021.0,Christine Curtis,Female,0.0,0.40909090909090906,A,1.0,Low,C,0.55
4053.0,Tara Johnson,Female,0.0,0.5454545454545455,A,0.6666666666666666,Medium,A,0.8400000000000001
9115.0,Stephanie Snyder,Male,0.7199999999999998,0.40909090909090906,C,0.6666666666666666,Medium,A,0.57
5073.0,Miguel Leblanc,Female,0.7199999999999998,0.6363636363636364,A,0.6666666666666666,High,A,0.76
7766.0,Christina Mcintyre,Male,0.5999999999999996,0.6363636363636364,A,0.3333333333333333,Medium,A,0.54
2866.0,John Weber,Female,0.31999999999999984,0.09090909090909094,C,0.3333333333333333,High,C,0.9400000000000001
8454.0,Timothy Austin,Female,0.8399999999999999,0.4545454545454546,A,0.0,High,B,0.54
2742.0,Jeffrey Sullivan,Female,0.48,0.31818181818181823,A,0.0,High,A,0.59
7637.0,Michael Noble,Female,0.7199999999999998,0.6363636363636364,A,0.3333333333333333,Low,C,0.9
3213.0,Christine Shah,Male,0.8799999999999999,0.5454545454545455,A,1.0,High,A,0.74
8139.0,Lisa Maynard,Male,0.7999999999999998,0.4545454545454546,A,0.0,Medium,C,0.51
8295.0,Lisa Lynch,Female,0.5999999999999996,0.31818181818181823,A,1.0,High,A,0.65
6469.0,Angela Warren,Male,0.7999999999999998,0.0,C,0.3333333333333333,Low,A,0.8
1994.0,Yvonne Krueger,Male,0.0,0.6363636363636364,A,0.6666666666666666,High,A,0.95
2915.0,Keith Bailey,Female,0.8399999999999999,1.0,A,0.0,High,B,0.64
6633.0,Barbara Case,Female,0.8799999999999999,0.18181818181818177,A,1.0,Low,A,0.96
3148.0,Jamie Torres,Female,0.0,0.0,A,0.3333333333333333,High,A,0.6
8911.0,Justin Jacobs,Male,0.31999999999999984,0.7727272727272728,B,1.0,Medium,A,0.9
2043.0,Michelle Kelly,Female,0.0,0.5454545454545455,A,1.0,High,B,0.61
6820.0,Terry Hernandez,Male,0.48,0.4545454545454546,B,0.6666666666666666,Low,A,0.8500000000000001
2817.0,Aaron Duarte,Male,0.8399999999999999,0.6363636363636364,A,0.6666666666666666,High,B,0.55
4365.0,Micheal Perez,Female,0.31999999999999984,0.4545454545454546,A,0.6666666666666666,Medium,A,0.5800000000000001
3257.0,Troy Bradford,Male,0.8799999999999999,0.40909090909090906,C,0.3333333333333333,High,A,0.67
2396.0,Bobby Wilkinson,Female,1.0,0.0,A,1.0,High,B,0.71
9647.0,Todd Brooks,Male,0.0,0.40909090909090906,A,0.6666666666666666,Low,A,0.8300000000000001
7627.0,Madeline Rush,Male,0.7199999999999998,0.5454545454545455,A,0.6666666666666666,Medium,C,0.8600000000000001
1383.0,Nicole Frederick,Male,0.48,0.6363636363636364,A,1.0,Medium,C,0.99
7110.0,Jason Adams,Female,0.48,1.0,A,0.3333333333333333,Low,A,0.72
8424.0,Mallory Fletcher,Female,0.8799999999999999,0.6363636363636364,A,0.6666666666666666,Low,A,0.68
7751.0,Kelly Suarez,Male,0.7999999999999998,0.31818181818181823,C,0.0,Medium,A,0.72
3364.0,Lauren Stephens,Male,0.5999999999999996,0.40909090909090906,B,0.6666666666666666,Low,A,0.8500000000000001
1534.0,Penny Miller,Male,0.48,1.0,A,1.0,Medium,A,0.56
1659.0,Paula Stewart,Male,0.7999999999999998,1.0,A,0.3333333333333333,Medium,A,0.74
3328.0,Jonathan Johnson,Female,0.5999999999999996,0.4545454545454546,A,1.0,High,A,0.5
2106.0,Laura Ross,Male,0.0,0.40909090909090906,A,0.6666666666666666,Low,A,0.95
8786.0,Brandy Wilson,Male,0.31999999999999984,0.18181818181818177,A,0.3333333333333333,Low,A,0.57
2463.0,Brittany Briggs,Female,0.0,0.7727272727272728,C,0.3333333333333333,Low,A,0.98
2450.0,Carl Coleman,Male,0.5999999999999996,0.6363636363636364,A,0.6666666666666666,Low,A,0.8200000000000001
9877.0,Crystal Chandler,Male,0.8399999999999999,0.18181818181818177,A,0.3333333333333333,Low,A,0.56
2878.0,Julie Jackson,Male,0.48,0.09090909090909094,A,0.0,High,A,0.88
7672.0,Cindy Morales,Male,0.5999999999999996,0.6363636363636364,A,0.0,High,A,0.65
9076.0,Ashley Franco,Female,0.7999999999999998,0.4545454545454546,A,0.3333333333333333,Medium,B,0.7
7676.0,Kimberly Calderon,Male,0.5999999999999996,0.4545454545454546,B,1.0,Low,A,0.62
5990.0,Lisa Brooks,Female,0.5999999999999996,0.5454545454545455,B,1.0,High,A,0.77
9806.0,Destiny Todd,Female,0.48,0.40909090909090906,A,0.3333333333333333,Medium,A,0.64
1745.0,Jacob Yoder,Male,0.48,0.6363636363636364,A,0.6666666666666666,High,C,0.8500000000000001
8077.0,Martha Moody,Male,0.8399999999999999,0.18181818181818177,A,0.3333333333333333,Low,A,0.99
5473.0,James Torres,Male,1.0,1.0,A,0.3333333333333333,Low,A,0.51
2270.0,Shelly Stuart,Male,0.5999999999999996,0.5454545454545455,A,0.0,Low,A,0.69
3044.0,Julie Williams,Female,1.0,0.7727272727272728,A,0.3333333333333333,High,A,0.88
2070.0,Jeffrey Torres,Male,0.7999999999999998,0.09090909090909094,A,1.0,High,B,0.8600000000000001
7666.0,Alan Williams,Female,0.7999999999999998,0.18181818181818177,A,0.3333333333333333,Medium,B,0.88
4696.0,Dawn Nguyen,Female,0.7999999999999998,0.7727272727272728,A,0.0,Medium,A,0.53
1456.0,Andrea Phillips,Female,0.0,0.31818181818181823,A,0.3333333333333333,Medium,A,0.55
1897.0,Joseph Ellis,Female,0.8399999999999999,0.0,A,0.6666666666666666,Low,A,0.78
7581.0,Jennifer Smith,Male,0.8399999999999999,0.0,A,1.0,Low,A,0.51
8014.0,Vickie Holloway,Male,1.0,0.31818181818181823,A,0.6666666666666666,Medium,A,0.6
2106.0,Nancy Munoz,Male,0.8399999999999999,0.09090909090909094,B,0.6666666666666666,Medium,C,0.74
6098.0,Amber Gray,Male,0.31999999999999984,0.40909090909090906,A,1.0,Medium,A,0.68
1939.0,Christian Barr,Male,0.48,0.18181818181818177,A,0.0,Medium,A,0.99
5909.0,Mark Fleming,Female,1.0,0.09090909090909094,A,0.3333333333333333,High,A,0.61
7558.0,Rebecca Kelly,Male,0.5999999999999996,1.0,A,0.6666666666666666,Medium,A,0.78
8215.0,Aaron Walls,Male,0.8399999999999999,1.0,A,0.3333333333333333,High,A,0.64
3855.0,Mark King,Female,0.48,0.7727272727272728,B,1.0,High,B,0.92
3248.0,James Macdonald,Female,0.7999999999999998,1.0,A,0.6666666666666666,Medium,A,0.68
9633.0,Alexander Thompson,Female,0.7999999999999998,0.5454545454545455,B,0.0,High,A,0.77
5049.0,Ashley Kaufman,Male,0.7199999999999998,0.09090909090909094,B,1.0,Medium,A,0.8600000000000001
2062.0,Megan Bernard,Male,0.48,0.0,B,0.3333333333333333,Medium,B,0.73
9609.0,Kelly Harper,Female,0.5999999999999996,0.40909090909090906,A,1.0,Medium,A,0.8200000000000001
4325.0,Daniel White,Female,0.8799999999999999,0.0,A,0.6666666666666666,Medium,C,0.79
5096.0,Jeremy Shields,Female,0.7199999999999998,0.7727272727272728,A,0.0,Low,B,0.96
5617.0,Matthew Davies,Female,0.0,0.0,A,0.3333333333333333,Medium,B,0.99
4728.0,Christine Hamilton,Male,0.8799999999999999,0.40909090909090906,A,0.6666666666666666,Low,B,0.88
6581.0,Crystal Proctor,Male,1.0,0.7727272727272728,C,0.0,High,A,0.72
7608.0,Victoria Mcbride,Female,1.0,0.6363636363636364,A,1.0,High,B,0.5800000000000001
7247.0,Ellen Cross MD,Male,0.0,0.5454545454545455,B,0.0,High,A,0.55
2138.0,Frank Brown DDS,Female,0.7199999999999998,0.7727272727272728,A,0.6666666666666666,Low,B,0.53
9615.0,Anita Dougherty,Female,0.8399999999999999,0.40909090909090906,A,0.3333333333333333,Low,A,0.8700000000000001
6681.0,Alicia Watson,Female,0.0,0.6363636363636364,B,0.0,High,B,0.95
8501.0,Deborah Hunter,Female,0.31999999999999984,0.6363636363636364,A,0.0,Low,A,0.62
9810.0,Morgan Gilbert,Female,0.7999999999999998,0.7727272727272728,A,0.0,Low,A,1.0
9264.0,Taylor Crawford,Female,0.0,0.40909090909090906,B,0.6666666666666666,High,B,0.52
8567.0,Danny Sanchez,Female,1.0,0.0,A,0.0,High,A,0.63
6359.0,Cory Rosario DDS,Female,0.5999999999999996,0.40909090909090906,A,0.6666666666666666,Low,A,0.8600000000000001
3759.0,Kyle Perez,Male,0.5999999999999996,0.4545454545454546,B,0.3333333333333333,Medium,B,0.61
8242.0,Kelly Gibson MD,Male,0.48,0.5454545454545455,C,0.6666666666666666,Medium,A,0.8
4305.0,Angela Garcia,Male,1.0,0.7727272727272728,A,0.6666666666666666,High,C,0.51
4148.0,Dylan Vaughan,Male,0.8799999999999999,0.5454545454545455,B,0.0,High,C,0.76
4105.0,Kevin Santiago,Male,0.48,0.0,C,0.6666666666666666,High,A,0.55
1245.0,Terry Rodriguez,Female,1.0,0.31818181818181823,C,1.0,Medium,A,0.53
1719.0,Chad Mason,Male,0.8799999999999999,0.0,A,1.0,Medium,A,0.8600000000000001
5127.0,Jessica Ferguson,Male,0.8399999999999999,1.0,C,0.0,Medium,B,0.8200000000000001
2300.0,Jason Hood,Male,0.31999999999999984,1.0,A,0.6666666666666666,High,B,0.69
1388.0,Tyler Mccormick,Male,1.0,1.0,A,1.0,Low,A,0.95
4644.0,Megan Murphy,Female,0.48,1.0,B,0.3333333333333333,Low,A,0.53
7188.0,Sarah Dixon,Male,0.5999999999999996,0.40909090909090906,C,0.6666666666666666,Low,C,0.88
1324.0,Teresa Rodriguez,Female,0.0,0.5454545454545455,A,1.0,Low,B,0.78
7233.0,Shannon Spencer,Female,0.7199999999999998,0.40909090909090906,A,0.0,Low,A,0.74
8688.0,Darlene Tapia,Male,0.31999999999999984,0.7727272727272728,A,0.3333333333333333,Low,A,0.75
7113.0,Ryan Ball,Female,0.5999999999999996,0.4545454545454546,A,0.6666666666666666,Medium,A,1.0
3660.0,Anita Berger,Male,0.0,0.4545454545454546,A,0.6666666666666666,Low,A,0.8200000000000001
5281.0,Melinda Cummings,Female,0.31999999999999984,0.4545454545454546,A,1.0,Low,B,0.51
7297.0,Melissa Donaldson,Female,0.8399999999999999,0.5454545454545455,B,1.0,Medium,B,0.9099999999999999
3981.0,Mrs. Melanie Mueller,Male,0.5999999999999996,0.6363636363636364,A,0.0,High,A,0.8700000000000001
5249.0,Ms. Heather Dean,Female,0.5999999999999996,0.6363636363636364,A,0.0,High,A,0.54
2052.0,David Malone,Female,0.5999999999999996,0.6363636363636364,A,0.3333333333333333,Medium,A,0.5
1685.0,Melissa Brown,Male,0.8799999999999999,0.18181818181818177,A,0.0,Low,B,0.99
8961.0,Jason Woods,Female,1.0,0.6363636363636364,C,0.3333333333333333,Medium,A,1.0
7528.0,Rachel Diaz,Female,0.8399999999999999,0.31818181818181823,A,0.3333333333333333,High,A,0.73
3275.0,Michael Jones,Male,0.8399999999999999,0.5454545454545455,B,0.6666666666666666,Low,A,0.68
9436.0,Taylor Mcgee,Female,0.8799999999999999,0.31818181818181823,A,0.3333333333333333,Low,A,0.9400000000000001
8279.0,Christopher Ray,Male,0.8399999999999999,0.40909090909090906,C,1.0,High,A,0.71
2465.0,Dr. James Henry DDS,Male,0.0,0.31818181818181823,B,0.3333333333333333,Medium,A,0.61
3016.0,James Stevens,Male,0.48,0.40909090909090906,A,0.3333333333333333,High,A,0.88
6623.0,Kevin Marquez,Female,0.0,0.18181818181818177,C,1.0,High,A,0.56
2460.0,Colleen Porter,Female,0.8399999999999999,0.7727272727272728,A,1.0,Medium,B,0.9299999999999999
6092.0,Christian Odom,Male,0.8399999999999999,0.18181818181818177,A,0.0,Medium,A,0.89
9515.0,Calvin Macias,Male,0.7999999999999998,0.0,A,0.6666666666666666,Medium,A,0.57
9189.0,Kim Fischer,Female,0.31999999999999984,0.6363636363636364,A,0.0,Low,A,0.8
5480.0,Travis Schultz,Female,0.8799999999999999,0.40909090909090906,A,0.0,High,A,0.5800000000000001
4687.0,Bonnie Morris,Male,0.31999999999999984,0.40909090909090906,C,0.6666666666666666,Low,B,1.0
6528.0,Tiffany Morris,Female,0.5999999999999996,1.0,C,0.0,High,B,0.8600000000000001
9978.0,Paul Poole,Female,0.7999999999999998,0.09090909090909094,A,1.0,High,A,0.73
2670.0,Bernard Whitaker,Male,0.0,0.0,B,0.3333333333333333,High,A,0.99
2922.0,Melinda Miller,Female,0.8399999999999999,0.0,B,0.0,High,A,0.56
5959.0,Christina Gonzales,Male,0.0,0.5454545454545455,A,0.0,Medium,A,0.68
2353.0,Maria Gray,Male,0.5999999999999996,0.18181818181818177,A,0.3333333333333333,Low,A,0.99
2549.0,Mary Bennett,Male,0.0,0.40909090909090906,C,0.6666666666666666,Low,B,0.55
7640.0,Dr. Erik Pineda,Male,0.0,0.18181818181818177,B,0.6666666666666666,Medium,A,0.76
4399.0,Sandra Burns,Male,0.31999999999999984,0.6363636363636364,B,0.3333333333333333,Low,A,0.9
3110.0,Patricia Hunt,Male,0.31999999999999984,0.5454545454545455,B,0.6666666666666666,High,A,0.99
6956.0,Erika Kennedy,Male,0.0,0.31818181818181823,A,0.6666666666666666,High,B,0.95
3291.0,Timothy Newman,Female,1.0,0.18181818181818177,A,1.0,Low,B,0.6
5544.0,Rhonda Davenport,Male,0.8399999999999999,0.0,A,0.6666666666666666,Medium,A,0.69
8472.0,Cheryl Brown,Male,0.7199999999999998,0.0,B,0.6666666666666666,High,A,0.81
7097.0,Angela Bridges,Male,0.0,0.09090909090909094,A,0.0,Medium,A,0.98
5425.0,Brandon Rasmussen,Male,0.48,0.5454545454545455,B,0.0,High,A,0.8200000000000001
3879.0,Allison Novak,Female,0.8399999999999999,0.40909090909090906,A,0.6666666666666666,Medium,A,0.9299999999999999
2256.0,Jessica Howard,Male,0.7999999999999998,0.09090909090909094,A,0.3333333333333333,High,A,0.78
7946.0,Lisa Zhang,Male,0.5999999999999996,0.40909090909090906,B,0.6666666666666666,Low,A,0.7
7211.0,Brianna Henderson,Male,1.0,0.5454545454545455,A,1.0,Low,A,0.65
5337.0,Mark Sanchez,Male,0.5999999999999996,0.6363636363636364,C,1.0,Medium,B,0.9099999999999999
8999.0,Melissa Nguyen,Male,1.0,0.31818181818181823,A,0.3333333333333333,Medium,A,0.68
1095.0,Eric Wilson,Female,0.8799999999999999,0.5454545454545455,A,0.6666666666666666,High,B,0.7
1517.0,Linda Armstrong,Male,0.8799999999999999,0.40909090909090906,A,0.6666666666666666,Medium,A,0.78
8027.0,Faith Johnson,Male,0.8399999999999999,0.09090909090909094,B,0.0,High,A,0.88
8031.0,Nathan Miller,Male,0.5999999999999996,0.5454545454545455,B,1.0,High,A,1.0
2489.0,Whitney Jefferson,Male,0.0,0.0,B,0.6666666666666666,Low,A,0.61
2005.0,Shane Sanders,Female,0.5999999999999996,0.4545454545454546,A,0.6666666666666666,Medium,A,0.97
5046.0,Felicia Cline,Female,0.5999999999999996,0.09090909090909094,A,0.3333333333333333,High,A,0.61
3134.0,Miss Carla Coleman MD,Female,1.0,1.0,A,0.6666666666666666,Low,A,0.62
4160.0,Crystal Brown,Female,0.7999999999999998,0.5454545454545455,B,1.0,Medium,A,0.8600000000000001
9741.0,Erica Miller,Male,0.5999999999999996,0.09090909090909094,A,0.0,Low,A,0.95
4015.0,Erica Miller,Male,0.31999999999999984,0.6363636363636364,A,1.0,Low,A,0.9400000000000001
9254.0,Wesley May,Female,0.7199999999999998,0.7727272727272728,A,0.6666666666666666,Low,A,0.59
5781.0,Christopher Atkinson,Male,0.31999999999999984,0.4545454545454546,B,0.6666666666666666,High,A,0.99
1022.0,Blake Martinez,Female,0.8399999999999999,1.0,A,0.6666666666666666,Low,B,0.63
7258.0,Mary Ramos,Female,0.8399999999999999,0.18181818181818177,A,0.3333333333333333,High,A,0.63
3550.0,Colleen Sanchez,Female,0.8799999999999999,0.0,A,0.0,Medium,A,0.75
4077.0,Ralph Becker,Male,0.31999999999999984,0.5454545454545455,C,1.0,Medium,C,0.55
1193.0,Denise Coleman,Male,0.0,0.0,A,0.6666666666666666,High,A,0.57
1019.0,Anthony Smith,Male,0.5999999999999996,0.7727272727272728,C,0.0,High,A,0.8300000000000001
2841.0,Deborah Hernandez,Female,0.31999999999999984,0.5454545454545455,A,0.6666666666666666,Medium,A,0.54
6906.0,Kristi Price,Male,0.5999999999999996,0.6363636363636364,B,0.0,Medium,B,0.67
3461.0,Alex Douglas,Female,0.8399999999999999,0.4545454545454546,A,0.6666666666666666,Medium,A,0.8300000000000001
1035.0,Ian Mcdonald,Male,0.31999999999999984,1.0,B,0.0,Medium,A,0.9099999999999999
5562.0,David Bauer,Male,0.7999999999999998,1.0,B,0.0,Medium,A,0.66
7301.0,Linda Beasley,Male,0.8399999999999999,0.0,B,1.0,Low,A,0.8500000000000001
3283.0,Megan Hutchinson,Female,0.5999999999999996,0.09090909090909094,B,0.0,High,A,0.9099999999999999
3591.0,Thomas Freeman,Male,0.31999999999999984,1.0,B,0.6666666666666666,High,A,0.51
8443.0,Travis Pierce,Female,0.8399999999999999,0.18181818181818177,A,1.0,Medium,B,0.64
8674.0,Kristen Galloway,Female,1.0,0.0,C,0.0,High,A,0.8200000000000001
2776.0,Raven Taylor,Male,0.7999999999999998,1.0,A,0.3333333333333333,High,A,0.64
2070.0,Samuel Robinson,Male,0.8399999999999999,0.31818181818181823,A,1.0,Low,A,0.8200000000000001
1138.0,Holly Spencer,Female,0.7199999999999998,0.0,B,1.0,Medium,C,0.8600000000000001
6428.0,Jessica Davies,Female,0.48,0.5454545454545455,B,0.0,High,A,0.9
5753.0,Daniel Sullivan,Male,0.31999999999999984,0.40909090909090906,A,0.6666666666666666,Low,A,0.9400000000000001
3638.0,Richard Franklin,Female,0.5999999999999996,0.09090909090909094,A,0.6666666666666666,Medium,A,0.9299999999999999
7350.0,Samantha Klein,Male,0.8799999999999999,0.6363636363636364,A,0.6666666666666666,High,A,0.81
1244.0,Becky Perkins,Male,0.7199999999999998,0.18181818181818177,A,0.3333333333333333,High,A,0.66
2116.0,Kimberly Pena,Female,0.8399999999999999,1.0,A,0.6666666666666666,High,B,0.8600000000000001
7701.0,Anna Martinez,Male,0.5999999999999996,1.0,B,1.0,Medium,A,0.54
3592.0,Monica Johnson,Female,0.7999999999999998,0.7727272727272728,C,0.3333333333333333,Low,A,0.67
2787.0,Shannon Porter,Male,0.31999999999999984,0.5454545454545455,C,0.0,High,C,0.66
7636.0,Joseph Sherman,Male,0.7199999999999998,0.40909090909090906,C,0.6666666666666666,High,A,0.59
